reason_signature;candidatos;selecionados;taxa_selecao
cc|classe_valor|competencia|competencia_cc_classe|competencia_classe|competencia_conta_cc|competencia_conta_classe|conta_cc_classe|ent05_conta|insight_classe_valor_competencia|proc_hist_competencia|proc_hist_conta|proc_hist_data_exata|proc_hist_data_valor_exato|texto|tokens|valor;69274;0;0.0
cc|classe_valor|competencia|competencia_cc_classe|competencia_classe|insight_classe_valor_competencia|valor;64528;273;0.42
doc_hist_1|ent05_conta|texto|tokens|valor;18603;0;0.0
ent05_conta|texto|tokens|valor;15857;0;0.0
competencia|doc_hist_1|ent05_conta|texto|tokens|valor;9383;1;0.01
competencia|ent05_conta|texto|tokens|valor;8011;0;0.0
cc|competencia|texto|tokens|valor;5890;170;2.89
cc|ent05_conta|tokens|valor;5593;0;0.0
cc|competencia|tokens|valor;5488;0;0.0
competencia|ent05_conta|valor;4753;0;0.0
cc|classe_valor|competencia|competencia_cc_classe|competencia_classe|competencia_conta_cc|competencia_conta_classe|conta_cc_classe|ent05_conta|insight_classe_valor_competencia|valor;4209;0;0.0
cc|classe_valor|competencia|competencia_cc_classe|competencia_classe|competencia_conta_cc|competencia_conta_classe|conta_cc_classe|ent05_conta|insight_classe_valor_competencia|texto|tokens|valor;3269;4;0.12
akd_xdoc_ct2_recno|cc|classe_valor|competencia|competencia_cc_classe|competencia_classe|competencia_conta_cc|competencia_conta_classe|conta_cc_classe|ent05_conta|insight_classe_valor_competencia|proc_hist_competencia|proc_hist_conta|proc_hist_data_exata|proc_hist_data_valor_exato|texto|tokens|valor;2313;1445;62.47
cc|ent05_conta|valor;2241;0;0.0
cc|ent05_conta|texto|tokens|valor;2223;0;0.0
akd_xdoc_ct2_recno|cc|competencia|competencia_conta_cc|doc_hist_1|ent05_conta|texto|tokens|valor;1804;1804;100.0
cc|chave_estruturada|classe_valor|competencia|competencia_cc_classe|competencia_classe|competencia_conta_cc|competencia_conta_classe|conta_cc_classe|doc_extra|ent05_conta|insight_classe_valor_competencia|valor;1772;0;0.0
cc|chave_estruturada|classe_valor|competencia|competencia_cc_classe|competencia_classe|doc_extra|insight_classe_valor_competencia|valor;1757;0;0.0
cc|doc_hist_1|ent05_conta|texto|tokens|valor;1426;0;0.0
cc|competencia|competencia_conta_cc|ent05_conta|texto|tokens|valor;1407;5;0.36
cc|chave_estruturada|doc_extra|ent05_conta|tokens|valor;1157;0;0.0
cc|chave_estruturada|doc_extra|tokens|valor;1124;0;0.0
cc|classe_valor|competencia|competencia_cc_classe|competencia_classe|competencia_conta_cc|competencia_conta_classe|conta_cc_classe|doc_extra|doc_hist_1|ent05_conta|insight_classe_valor_competencia|insight_xnumap_cc|insight_xnumap_classe|insight_xnumap_conta|insight_xnumap_valor|valor|xnumap_at04db|xnumap_xdocum;1092;558;51.1
cc|classe_valor|conta_cc_classe|doc_extra|doc_hist_1|ent05_conta|insight_xnumap_cc|insight_xnumap_classe|insight_xnumap_conta|insight_xnumap_valor|valor|xnumap_at04db|xnumap_xdocum;1013;19;1.88
cc|chave_estruturada|competencia|doc_extra|doc_hist_1|insight_xnumap_cc|insight_xnumap_valor|texto|tokens|valor|xnumap_at04db|xnumap_xdocum;1010;336;33.27
cc|competencia|competencia_conta_cc|ent05_conta|tokens|valor;921;0;0.0
cc|chave_estruturada|competencia|doc_extra|doc_hist_1|texto|tokens|valor;906;4;0.44
cc|classe_valor|competencia|competencia_cc_classe|competencia_classe|doc_extra|doc_hist_1|insight_classe_valor_competencia|insight_xnumap_cc|insight_xnumap_classe|insight_xnumap_valor|valor|xnumap_at04db|xnumap_xdocum;840;212;25.24
cc|chave_estruturada|competencia|competencia_conta_cc|doc_extra|doc_hist_1|ent05_conta|texto|tokens|valor;822;0;0.0
cc|chave_estruturada|doc_extra|ent05_conta|texto|tokens|valor;759;0;0.0
cc|chave_estruturada|doc_extra|texto|tokens|valor;758;0;0.0
cc|classe_valor|conta_cc_classe|ent05_conta|valor;644;5;0.78
cc|chave_estruturada|classe_valor|competencia|competencia_cc_classe|competencia_classe|competencia_conta_cc|competencia_conta_classe|conta_cc_classe|doc_extra|doc_hist_1|ent05_conta|insight_classe_valor_competencia|insight_xnumap_cc|insight_xnumap_classe|insight_xnumap_conta|insight_xnumap_valor|valor|xnumap_at04db|xnumap_xdocum;635;589;92.76
cc|chave_estruturada|competencia|doc_extra|doc_hist_2|insight_xnumap_cc|insight_xnumap_valor|texto|tokens|valor|xnumap_at04db|xnumap_xdocum;622;276;44.37
cc|chave_estruturada|competencia|doc_extra|doc_hist_1|tokens|valor;622;0;0.0
chave_estruturada|competencia|doc_extra|doc_hist_1|tokens|valor;602;0;0.0
cc|competencia|doc_extra|doc_hist_1|insight_xnumap_cc|insight_xnumap_valor|valor|xnumap_at04db|xnumap_xdocum;580;29;5.0
cc|classe_valor|competencia|competencia_cc_classe|competencia_classe|insight_classe_valor_competencia|proc_hist_competencia|proc_hist_data_exata|proc_hist_data_valor_exato|texto|valor;574;0;0.0
akd_xdoc_ct2_recno|cc|classe_valor|competencia|competencia_cc_classe|competencia_classe|competencia_conta_cc|competencia_conta_classe|conta_cc_classe|ent05_conta|insight_classe_valor_competencia|texto|tokens|valor;537;473;88.08
cc|classe_valor|competencia|competencia_cc_classe|competencia_classe|insight_classe_valor_competencia|proc_hist_competencia|proc_hist_data_exata|proc_hist_data_valor_exato|texto|tokens|valor;530;2;0.38
cc|chave_estruturada|competencia|competencia_conta_cc|doc_extra|ent05_conta|texto|tokens|valor;500;0;0.0
cc|chave_estruturada|competencia|doc_extra|texto|tokens|valor;497;0;0.0
cc|classe_valor|competencia|competencia_cc_classe|competencia_classe|insight_classe_valor_competencia|texto|tokens|valor;489;17;3.48
cc|competencia|doc_extra|doc_hist_1|insight_xnumap_cc|insight_xnumap_valor|texto|tokens|valor|xnumap_at04db|xnumap_xdocum;458;122;26.64
akd_xdoc_ct2_recno|cc|classe_valor|competencia|competencia_cc_classe|competencia_classe|competencia_conta_cc|competencia_conta_classe|conta_cc_classe|ent05_conta|insight_classe_valor_competencia|proc_hist_competencia|proc_hist_conta|proc_hist_data_exata|proc_hist_data_valor_exato|texto|valor;455;455;100.0
cc|doc_extra|doc_hist_1|insight_xnumap_cc|insight_xnumap_valor|valor|xnumap_at04db|xnumap_xdocum;444;0;0.0
cc|classe_valor|doc_extra|doc_hist_1|insight_xnumap_cc|insight_xnumap_classe|insight_xnumap_valor|valor|xnumap_at04db|xnumap_xdocum;421;119;28.27
cc|classe_valor|competencia|competencia_cc_classe|competencia_classe|competencia_conta_cc|competencia_conta_classe|conta_cc_classe|ent05_conta|insight_classe_valor_competencia|proc_hist_competencia|proc_hist_conta|proc_hist_data_exata|proc_hist_data_valor_exato|texto|valor;390;0;0.0
cc|chave_estruturada|classe_valor|competencia|competencia_cc_classe|competencia_classe|doc_extra|doc_hist_1|insight_classe_valor_competencia|insight_xnumap_cc|insight_xnumap_classe|insight_xnumap_valor|valor|xnumap_at04db|xnumap_xdocum;372;9;2.42
texto|tokens|valor;372;1;0.27
competencia|doc_extra|doc_hist_1|ent05_conta|valor|xdoc|xdoc_at01cr;367;354;96.46
competencia|doc_extra|doc_hist_1|valor|xdoc|xdoc_at01cr;367;0;0.0
cc|classe_valor|competencia|competencia_cc_classe|competencia_classe|doc_hist_2|insight_classe_valor_competencia|tokens|valor;337;0;0.0
cc|chave_estruturada|classe_valor|competencia|competencia_cc_classe|competencia_classe|doc_extra|doc_hist_2|insight_classe_valor_competencia|insight_xnumap_cc|insight_xnumap_classe|insight_xnumap_valor|texto|tokens|valor|xdoc|xdoc_at01cr|xnumap_at04db|xnumap_xdocum;327;109;33.33
cc|chave_estruturada|classe_valor|competencia|competencia_cc_classe|competencia_classe|competencia_conta_cc|competencia_conta_classe|conta_cc_classe|doc_extra|doc_hist_2|ent05_conta|insight_classe_valor_competencia|insight_xnumap_cc|insight_xnumap_classe|insight_xnumap_conta|insight_xnumap_valor|texto|tokens|valor|xdoc|xdoc_at01cr|xnumap_at04db|xnumap_xdocum;315;105;33.33
competencia|texto|tokens|valor;314;5;1.59
cc|classe_valor|texto|valor;291;0;0.0
cc|chave_estruturada|competencia|doc_extra|doc_hist_1|texto|tokens|valor|xdoc|xdoc_at01cr;260;55;21.15
cc|chave_estruturada|competencia|competencia_conta_cc|doc_extra|ent05_conta|tokens|valor;253;0;0.0
cc|chave_estruturada|competencia|doc_extra|tokens|valor;244;0;0.0
cc|classe_valor|competencia|competencia_cc_classe|competencia_classe|insight_classe_valor_competencia|texto|valor;243;0;0.0
akd_xdoc_ct2_recno|cc|competencia|competencia_conta_cc|ent05_conta|texto|tokens|valor;239;239;100.0
cc|competencia|doc_extra|doc_hist_2|insight_xnumap_cc|insight_xnumap_valor|texto|tokens|valor|xnumap_at04db|xnumap_xdocum;218;103;47.25
cc|chave_estruturada|competencia|doc_extra|doc_hist_2|insight_xnumap_cc|insight_xnumap_valor|tokens|valor|xnumap_at04db|xnumap_xdocum;213;8;3.76
cc|texto|tokens|valor;208;0;0.0
competencia|ent05_conta|tokens|valor;185;0;0.0
cc|classe_valor|competencia|competencia_cc_classe|competencia_classe|competencia_conta_cc|competencia_conta_classe|conta_cc_classe|doc_extra|doc_hist_2|ent05_conta|insight_classe_valor_competencia|valor|xdoc|xdoc_at01cr;175;175;100.0
cc|classe_valor|competencia|competencia_cc_classe|competencia_classe|doc_extra|doc_hist_2|insight_classe_valor_competencia|valor|xdoc|xdoc_at01cr;175;0;0.0
cc|classe_valor|competencia|competencia_cc_classe|competencia_classe|competencia_conta_cc|competencia_conta_classe|conta_cc_classe|doc_extra|doc_hist_1|ent05_conta|insight_classe_valor_competencia|valor|xdoc|xdoc_at01cr;169;169;100.0
cc|classe_valor|competencia|competencia_cc_classe|competencia_classe|doc_extra|doc_hist_1|insight_classe_valor_competencia|valor|xdoc|xdoc_at01cr;169;0;0.0
chave_estruturada|competencia|doc_extra|doc_hist_1|tokens|valor|xdoc|xdoc_at01cr;169;84;49.7
cc|chave_estruturada|competencia|doc_extra|doc_hist_1|insight_xnumap_cc|insight_xnumap_valor|tokens|valor|xnumap_at04db|xnumap_xdocum;168;55;32.74
cc|competencia|competencia_conta_cc|ent05_conta|valor;167;0;0.0
cc|chave_estruturada|competencia|doc_extra|doc_hist_1|tokens|valor|xdoc|xdoc_at01cr;166;83;50.0
cc|classe_valor|competencia|competencia_cc_classe|competencia_classe|competencia_conta_cc|competencia_conta_classe|conta_cc_classe|doc_hist_2|ent05_conta|insight_classe_valor_competencia|tokens|valor;153;152;99.35
cc|chave_estruturada|classe_valor|competencia|competencia_cc_classe|competencia_classe|doc_extra|doc_hist_1|insight_classe_valor_competencia|texto|tokens|valor|xdoc|xdoc_at01cr;148;50;33.78
cc|competencia|doc_extra|doc_hist_1|insight_xnumap_cc|insight_xnumap_valor|tokens|valor|xnumap_at04db|xnumap_xdocum;148;51;34.46
doc_hist_1|texto|tokens|valor;146;1;0.68
chave_estruturada|competencia|doc_extra|doc_hist_2|texto|tokens|valor;145;24;16.55
cc|classe_valor|conta_cc_classe|doc_extra|doc_hist_1|ent05_conta|insight_xnumap_cc|insight_xnumap_classe|insight_xnumap_conta|insight_xnumap_valor|tokens|valor|xnumap_at04db|xnumap_xdocum;144;4;2.78
cc|chave_estruturada|competencia|competencia_conta_cc|doc_extra|doc_hist_1|ent05_conta|texto|tokens|valor|xdoc|xdoc_at01cr;144;143;99.31
cc|chave_estruturada|classe_valor|competencia|competencia_cc_classe|competencia_classe|competencia_conta_cc|competencia_conta_classe|conta_cc_classe|doc_extra|ent05_conta|insight_classe_valor_competencia|tokens|valor|xdoc|xdoc_at01cr;141;47;33.33
cc|competencia|competencia_conta_cc|ent05_conta|proc_hist_competencia|proc_hist_conta|proc_hist_data_exata|proc_hist_data_valor_exato|texto|tokens|valor;140;0;0.0
cc|chave_estruturada|competencia|competencia_conta_cc|doc_extra|doc_hist_1|ent05_conta|tokens|valor;136;0;0.0
cc|competencia|texto|valor;135;0;0.0
chave_estruturada|competencia|doc_extra|doc_hist_1|texto|tokens|valor|xdoc|xdoc_at01cr;134;62;46.27
chave_estruturada|competencia|doc_extra|doc_hist_1|texto|tokens|valor;128;11;8.59
cc|ent05_conta|texto|valor;124;0;0.0
cc|classe_valor|conta_cc_classe|ent05_conta|texto|valor;120;0;0.0
competencia|doc_hist_1|valor;112;7;6.25
cc|chave_estruturada|classe_valor|conta_cc_classe|doc_extra|ent05_conta|valor;111;0;0.0
cc|chave_estruturada|competencia|doc_extra|doc_hist_1|insight_xnumap_cc|insight_xnumap_valor|valor|xnumap_at04db|xnumap_xdocum;106;8;7.55
cc|classe_valor|competencia|competencia_cc_classe|competencia_classe|competencia_conta_cc|competencia_conta_classe|conta_cc_classe|ent05_conta|insight_classe_valor_competencia|texto|valor;103;0;0.0
cc|classe_valor|competencia|competencia_cc_classe|competencia_classe|insight_classe_valor_competencia|tokens|valor;92;4;4.35
cc|classe_valor|doc_extra|doc_hist_1|insight_xnumap_cc|insight_xnumap_classe|insight_xnumap_valor|tokens|valor|xnumap_at04db|xnumap_xdocum;90;25;27.78
cc|competencia|doc_hist_1|valor;86;2;2.33
akd_xdoc_ct2_recno|cc|classe_valor|competencia|competencia_cc_classe|competencia_classe|competencia_conta_cc|competencia_conta_classe|conta_cc_classe|doc_hist_1|ent05_conta|insight_classe_valor_competencia|proc_hist_competencia|proc_hist_conta|proc_hist_data_exata|proc_hist_data_valor_exato|texto|tokens|valor;84;32;38.1
competencia|doc_hist_1|texto|tokens|valor;80;28;35.0
doc_hist_1|valor;78;0;0.0
cc|chave_estruturada|competencia|competencia_conta_cc|doc_extra|doc_hist_1|ent05_conta|insight_xnumap_cc|insight_xnumap_conta|insight_xnumap_valor|valor|xnumap_at04db|xnumap_xdocum;74;70;94.59
cc|doc_hist_1|valor;73;5;6.85
cc|competencia|proc_hist_competencia|proc_hist_data_exata|proc_hist_data_valor_exato|texto|tokens|valor;71;1;1.41
cc|competencia|doc_extra|doc_hist_2|insight_xnumap_cc|insight_xnumap_valor|valor|xnumap_at04db|xnumap_xdocum;69;4;5.8
chave_estruturada|classe_valor|competencia|competencia_classe|doc_extra|doc_hist_1|insight_classe_valor_competencia|texto|tokens|valor|xdoc|xdoc_at01cr;65;31;47.69
chave_estruturada|classe_valor|competencia|competencia_classe|doc_extra|doc_hist_2|insight_classe_valor_competencia|texto|tokens|valor|xdoc|xdoc_at01cr;63;31;49.21
cc|chave_estruturada|classe_valor|doc_extra|valor;62;0;0.0
chave_estruturada|classe_valor|competencia|competencia_classe|doc_extra|doc_hist_1|insight_classe_valor_competencia|valor|xdoc|xdoc_at01cr;60;30;50.0
chave_estruturada|competencia|doc_extra|doc_hist_2|ent05_conta|texto|tokens|valor|xdoc|xdoc_at01cr;57;19;33.33
chave_estruturada|competencia|doc_extra|doc_hist_2|texto|tokens|valor|xdoc|xdoc_at01cr;56;19;33.93
cc|competencia|competencia_conta_cc|ent05_conta|proc_hist_competencia|proc_hist_conta|proc_hist_data_exata|proc_hist_data_valor_exato|texto|valor;52;0;0.0
akd_xdoc_ct2_recno|cc|classe_valor|competencia|competencia_cc_classe|competencia_classe|competencia_conta_cc|competencia_conta_classe|conta_cc_classe|doc_hist_2|ent05_conta|insight_classe_valor_competencia|proc_hist_competencia|proc_hist_conta|proc_hist_data_exata|proc_hist_data_valor_exato|texto|tokens|valor;50;32;64.0
cc|classe_valor|competencia|competencia_cc_classe|competencia_classe|competencia_conta_cc|competencia_conta_classe|conta_cc_classe|doc_extra|doc_hist_1|ent05_conta|insight_classe_valor_competencia|insight_xnumap_cc|insight_xnumap_classe|insight_xnumap_conta|insight_xnumap_valor|tokens|valor|xnumap_at04db|xnumap_xdocum;50;3;6.0
cc|classe_valor|competencia|competencia_cc_classe|competencia_classe|competencia_conta_cc|competencia_conta_classe|conta_cc_classe|doc_extra|doc_hist_2|ent05_conta|insight_classe_valor_competencia|insight_xnumap_cc|insight_xnumap_classe|insight_xnumap_conta|insight_xnumap_valor|valor|xnumap_at04db|xnumap_xdocum;49;7;14.29
cc|classe_valor|competencia|competencia_cc_classe|competencia_classe|doc_extra|doc_hist_2|insight_classe_valor_competencia|insight_xnumap_cc|insight_xnumap_classe|insight_xnumap_valor|valor|xnumap_at04db|xnumap_xdocum;49;13;26.53
cc|classe_valor|competencia|competencia_cc_classe|competencia_classe|doc_extra|doc_hist_1|insight_classe_valor_competencia|insight_xnumap_cc|insight_xnumap_classe|insight_xnumap_valor|tokens|valor|xnumap_at04db|xnumap_xdocum;46;21;45.65
cc|chave_estruturada|competencia|doc_extra|doc_hist_2|insight_xnumap_cc|insight_xnumap_valor|valor|xnumap_at04db|xnumap_xdocum;46;6;13.04
akd_xdoc_ct2_recno|cc|classe_valor|competencia|competencia_cc_classe|competencia_classe|competencia_conta_cc|competencia_conta_classe|conta_cc_classe|doc_hist_2|ent05_conta|insight_classe_valor_competencia|texto|tokens|valor;44;42;95.45
cc|classe_valor|tokens|valor;44;0;0.0
cc|chave_estruturada|competencia|competencia_conta_cc|doc_extra|doc_hist_2|ent05_conta|insight_xnumap_cc|insight_xnumap_conta|insight_xnumap_valor|texto|tokens|valor|xnumap_at04db|xnumap_xdocum;42;21;50.0
chave_estruturada|classe_valor|competencia|competencia_classe|doc_extra|doc_hist_1|insight_classe_valor_competencia|texto|tokens|valor;41;2;4.88
cc|competencia|doc_hist_1|texto|tokens|valor;39;5;12.82
chave_estruturada|competencia|doc_extra|doc_hist_2|insight_xnumap_valor|texto|tokens|valor|xnumap_at04db|xnumap_xdocum;38;18;47.37
cc|classe_valor|conta_cc_classe|doc_extra|doc_hist_1|ent05_conta|valor|xdoc|xdoc_at01cr;38;38;100.0
cc|classe_valor|doc_extra|doc_hist_1|valor|xdoc|xdoc_at01cr;38;0;0.0
cc|classe_valor|competencia|competencia_cc_classe|competencia_classe|competencia_conta_cc|competencia_conta_classe|conta_cc_classe|ent05_conta|insight_classe_valor_competencia|tokens|valor;38;0;0.0
cc|chave_estruturada|classe_valor|competencia|competencia_cc_classe|competencia_classe|competencia_conta_cc|competencia_conta_classe|conta_cc_classe|doc_extra|doc_hist_2|ent05_conta|insight_classe_valor_competencia|insight_xnumap_cc|insight_xnumap_classe|insight_xnumap_conta|insight_xnumap_valor|valor|xnumap_at04db|xnumap_xdocum;37;26;70.27
cc|chave_estruturada|classe_valor|competencia|competencia_cc_classe|competencia_classe|doc_extra|doc_hist_2|insight_classe_valor_competencia|insight_xnumap_cc|insight_xnumap_classe|insight_xnumap_valor|valor|xnumap_at04db|xnumap_xdocum;37;0;0.0
cc|doc_extra|doc_hist_2|insight_xnumap_cc|insight_xnumap_valor|valor|xnumap_at04db|xnumap_xdocum;36;0;0.0
cc|competencia|proc_hist_competencia|proc_hist_data_exata|proc_hist_data_valor_exato|texto|valor;36;0;0.0
cc|doc_hist_1|texto|tokens|valor;34;0;0.0
chave_estruturada|doc_extra|tokens|valor;33;0;0.0
chave_estruturada|classe_valor|competencia|competencia_classe|doc_extra|doc_hist_1|insight_classe_valor_competencia|valor;31;0;0.0
akd_xdoc_ct2_recno|competencia|doc_hist_1|ent05_conta|texto|tokens|valor;30;30;100.0
akd_xdoc_ct2_recno|cc|classe_valor|competencia|competencia_cc_classe|competencia_classe|competencia_conta_cc|competencia_conta_classe|conta_cc_classe|doc_hist_1|ent05_conta|insight_classe_valor_competencia|texto|tokens|valor;28;28;100.0
cc|classe_valor|competencia|competencia_cc_classe|competencia_classe|doc_hist_1|insight_classe_valor_competencia|texto|tokens|valor;28;0;0.0
cc|competencia|doc_hist_2|tokens|valor;27;0;0.0
cc|classe_valor|competencia|competencia_cc_classe|competencia_classe|doc_hist_2|insight_classe_valor_competencia|texto|tokens|valor;26;3;11.54
chave_estruturada|classe_valor|competencia|competencia_classe|doc_extra|doc_hist_2|insight_classe_valor_competencia|texto|tokens|valor;24;0;0.0
cc|competencia|competencia_conta_cc|ent05_conta|texto|valor;22;0;0.0
cc|chave_estruturada|competencia|competencia_conta_cc|doc_extra|doc_hist_1|ent05_conta|insight_xnumap_cc|insight_xnumap_conta|insight_xnumap_valor|tokens|valor|xnumap_at04db|xnumap_xdocum;21;0;0.0
chave_estruturada|competencia|doc_extra|doc_hist_1|ent05_conta|texto|tokens|valor|xdoc|xdoc_at01cr;21;7;33.33
chave_estruturada|doc_extra|doc_hist_1|texto|tokens|valor;21;0;0.0
cc|chave_estruturada|competencia|competencia_conta_cc|doc_extra|doc_hist_2|ent05_conta|insight_xnumap_cc|insight_xnumap_conta|insight_xnumap_valor|valor|xnumap_at04db|xnumap_xdocum;20;20;100.0
competencia|tokens|valor;20;0;0.0
cc|competencia|competencia_conta_cc|doc_hist_2|ent05_conta|tokens|valor;19;0;0.0
cc|classe_valor|texto|tokens|valor;19;0;0.0
chave_estruturada|competencia|doc_extra|doc_hist_1|insight_xnumap_valor|tokens|valor|xnumap_at04db|xnumap_xdocum;18;0;0.0
chave_estruturada|doc_extra|doc_hist_1|ent05_conta|texto|tokens|valor;18;0;0.0
cc|chave_estruturada|classe_valor|competencia|competencia_cc_classe|competencia_classe|doc_extra|doc_hist_1|insight_classe_valor_competencia|tokens|valor|xdoc|xdoc_at01cr;16;6;37.5
cc|chave_estruturada|competencia|competencia_conta_cc|doc_extra|doc_hist_1|ent05_conta|tokens|valor|xdoc|xdoc_at01cr;16;8;50.0
chave_estruturada|classe_valor|competencia|competencia_classe|doc_extra|insight_classe_valor_competencia|valor|xdoc|xdoc_at01cr;16;8;50.0
cc|competencia|doc_hist_2|texto|tokens|valor;16;0;0.0
chave_estruturada|competencia|doc_extra|doc_hist_1|valor;15;1;6.67
cc|chave_estruturada|classe_valor|competencia|competencia_cc_classe|competencia_classe|doc_extra|doc_hist_2|insight_classe_valor_competencia|texto|tokens|valor|xdoc|xdoc_at01cr;14;5;35.71
competencia|doc_hist_2|texto|tokens|valor;14;5;35.71
cc|chave_estruturada|competencia|competencia_conta_cc|doc_extra|doc_hist_2|ent05_conta|insight_xnumap_cc|insight_xnumap_conta|insight_xnumap_valor|texto|tokens|valor|xdoc|xdoc_at01cr|xnumap_at04db|xnumap_xdocum;12;4;33.33
cc|classe_valor|competencia|competencia_cc_classe|competencia_classe|competencia_conta_cc|competencia_conta_classe|conta_cc_classe|doc_hist_2|ent05_conta|insight_classe_valor_competencia|proc_ri_competencia|proc_ri_conta|proc_ri_data_valor_exato|tokens|valor;12;12;100.0
chave_estruturada|classe_valor|competencia|competencia_classe|doc_extra|doc_hist_1|insight_classe_valor_competencia|tokens|valor|xdoc|xdoc_at01cr;12;6;50.0
doc_extra|doc_hist_1|ent05_conta|texto|tokens|valor|xdoc|xdoc_at01cr;12;6;50.0
doc_extra|doc_hist_1|texto|tokens|valor|xdoc|xdoc_at01cr;12;6;50.0
cc|classe_valor|competencia|competencia_cc_classe|competencia_classe|doc_hist_2|insight_classe_valor_competencia|proc_ri_competencia|proc_ri_data_valor_exato|tokens|valor;12;0;0.0
chave_estruturada|competencia|doc_extra|valor|xdoc|xdoc_at01cr;12;3;25.0
cc|chave_estruturada|classe_valor|competencia|competencia_cc_classe|competencia_classe|doc_extra|doc_hist_1|insight_classe_valor_competencia|valor;12;0;0.0
akd_xdoc_ct2_recno|cc|classe_valor|competencia|competencia_cc_classe|competencia_classe|competencia_conta_cc|competencia_conta_classe|conta_cc_classe|ent05_conta|insight_classe_valor_competencia|tokens|valor;11;11;100.0
cc|chave_estruturada|competencia|doc_extra|doc_hist_2|texto|tokens|valor;11;0;0.0
cc|competencia|competencia_conta_cc|doc_hist_1|ent05_conta|tokens|valor;11;1;9.09
cc|classe_valor|competencia|competencia_cc_classe|competencia_classe|competencia_conta_cc|competencia_conta_classe|conta_cc_classe|doc_extra|doc_hist_2|ent05_conta|insight_classe_valor_competencia|insight_xnumap_cc|insight_xnumap_classe|insight_xnumap_conta|insight_xnumap_valor|texto|tokens|valor|xnumap_at04db|xnumap_xdocum;10;3;30.0
cc|classe_valor|competencia|competencia_cc_classe|competencia_classe|doc_extra|doc_hist_2|insight_classe_valor_competencia|insight_xnumap_cc|insight_xnumap_classe|insight_xnumap_valor|texto|tokens|valor|xnumap_at04db|xnumap_xdocum;10;5;50.0
cc|classe_valor|competencia|competencia_cc_classe|competencia_classe|doc_extra|doc_hist_1|insight_classe_valor_competencia|insight_xnumap_cc|insight_xnumap_classe|insight_xnumap_valor|texto|tokens|valor|xnumap_at04db|xnumap_xdocum;10;5;50.0
chave_estruturada|competencia|doc_extra|texto|tokens|valor|xdoc|xdoc_at01cr;10;4;40.0
competencia|doc_hist_1|tokens|valor;10;0;0.0
chave_estruturada|competencia|doc_extra|doc_hist_1|ent05_conta|texto|tokens|valor;9;1;11.11
chave_estruturada|competencia|doc_extra|tokens|valor;9;0;0.0
chave_estruturada|doc_extra|valor;9;0;0.0
chave_estruturada|competencia|doc_extra|doc_hist_2|ent05_conta|insight_xnumap_conta|insight_xnumap_valor|texto|tokens|valor|xnumap_at04db|xnumap_xdocum;8;4;50.0
cc|classe_valor|competencia|competencia_cc_classe|competencia_classe|competencia_conta_cc|competencia_conta_classe|conta_cc_classe|doc_hist_1|ent05_conta|insight_classe_valor_competencia|tokens|valor;7;0;0.0
cc|classe_valor|competencia|competencia_cc_classe|competencia_classe|doc_hist_1|insight_classe_valor_competencia|tokens|valor;7;0;0.0
competencia|doc_hist_2|tokens|valor;7;0;0.0
cc|chave_estruturada|classe_valor|competencia|competencia_cc_classe|competencia_classe|competencia_conta_cc|competencia_conta_classe|conta_cc_classe|doc_extra|doc_hist_2|ent05_conta|insight_classe_valor_competencia|insight_xnumap_cc|insight_xnumap_classe|insight_xnumap_conta|insight_xnumap_valor|tokens|valor|xdoc|xdoc_at01cr|xnumap_at04db|xnumap_xdocum;6;2;33.33
cc|chave_estruturada|classe_valor|competencia|competencia_cc_classe|competencia_classe|doc_extra|doc_hist_2|insight_classe_valor_competencia|insight_xnumap_cc|insight_xnumap_classe|insight_xnumap_valor|tokens|valor|xdoc|xdoc_at01cr|xnumap_at04db|xnumap_xdocum;6;2;33.33
cc|classe_valor|competencia|competencia_cc_classe|competencia_classe|competencia_conta_cc|competencia_conta_classe|conta_cc_classe|doc_extra|doc_hist_1|ent05_conta|insight_classe_valor_competencia|insight_xnumap_cc|insight_xnumap_classe|insight_xnumap_conta|insight_xnumap_valor|texto|tokens|valor|xnumap_at04db|xnumap_xdocum;6;0;0.0
cc|chave_estruturada|classe_valor|competencia|competencia_cc_classe|competencia_classe|competencia_conta_cc|competencia_conta_classe|conta_cc_classe|doc_extra|doc_hist_1|ent05_conta|insight_classe_valor_competencia|valor|xdoc|xdoc_at01cr;6;2;33.33
cc|classe_valor|conta_cc_classe|doc_extra|doc_hist_2|ent05_conta|insight_xnumap_cc|insight_xnumap_classe|insight_xnumap_conta|insight_xnumap_valor|tokens|valor|xnumap_at04db|xnumap_xdocum;6;0;0.0
cc|chave_estruturada|classe_valor|competencia|competencia_cc_classe|competencia_classe|doc_extra|doc_hist_2|insight_classe_valor_competencia|tokens|valor|xdoc|xdoc_at01cr;6;2;33.33
cc|chave_estruturada|doc_extra|doc_hist_2|insight_xnumap_cc|insight_xnumap_valor|texto|tokens|valor|xnumap_at04db|xnumap_xdocum;6;0;0.0
cc|chave_estruturada|classe_valor|competencia|competencia_cc_classe|competencia_classe|doc_extra|doc_hist_1|insight_classe_valor_competencia|valor|xdoc|xdoc_at01cr;6;3;50.0
cc|classe_valor|doc_extra|doc_hist_2|insight_xnumap_cc|insight_xnumap_classe|insight_xnumap_valor|tokens|valor|xnumap_at04db|xnumap_xdocum;6;0;0.0
akd_xdoc_ct2_recno|cc|classe_valor|competencia|competencia_cc_classe|competencia_classe|insight_classe_valor_competencia|proc_hist_competencia|proc_hist_data_exata|proc_hist_data_valor_exato|texto|tokens|valor;6;6;100.0
chave_estruturada|classe_valor|competencia|competencia_classe|doc_extra|insight_classe_valor_competencia|texto|tokens|valor|xdoc|xdoc_at01cr;6;3;50.0
doc_extra|doc_hist_2|ent05_conta|texto|tokens|valor|xdoc|xdoc_at01cr;6;3;50.0
doc_extra|doc_hist_2|texto|tokens|valor|xdoc|xdoc_at01cr;6;3;50.0
cc|chave_estruturada|competencia|doc_extra|texto|tokens|valor|xdoc|xdoc_at01cr;6;2;33.33
cc|competencia|competencia_conta_cc|doc_hist_2|ent05_conta|proc_ri_competencia|proc_ri_conta|proc_ri_data_valor_exato|tokens|valor;6;1;16.67
cc|chave_estruturada|competencia|competencia_conta_cc|doc_extra|doc_hist_2|ent05_conta|texto|tokens|valor;6;0;0.0
cc|chave_estruturada|classe_valor|competencia|competencia_cc_classe|competencia_classe|doc_extra|doc_hist_1|insight_classe_valor_competencia|texto|tokens|valor;6;3;50.0
chave_estruturada|competencia|doc_extra|doc_hist_2|ent05_conta|texto|tokens|valor;6;1;16.67
chave_estruturada|classe_valor|competencia|competencia_classe|doc_extra|doc_hist_1|insight_classe_valor_competencia|tokens|valor;6;0;0.0
competencia|doc_hist_2|proc_ri_competencia|proc_ri_data_valor_exato|tokens|valor;6;0;0.0
cc|chave_estruturada|classe_valor|doc_extra|texto|tokens|valor;6;0;0.0
chave_estruturada|competencia|doc_extra|valor;6;0;0.0
cc|classe_valor|conta_cc_classe|ent05_conta|tokens|valor;6;0;0.0
classe_valor|competencia|competencia_classe|insight_classe_valor_competencia|texto|tokens|valor;6;0;0.0
classe_valor|competencia|competencia_classe|insight_classe_valor_competencia|texto|valor;6;0;0.0
cc|chave_estruturada|classe_valor|competencia|competencia_cc_classe|competencia_classe|doc_extra|doc_hist_2|insight_classe_valor_competencia|texto|tokens|valor;5;4;80.0
cc|chave_estruturada|classe_valor|competencia|competencia_cc_classe|competencia_classe|doc_extra|doc_hist_1|insight_classe_valor_competencia|tokens|valor;5;2;40.0
cc|competencia|doc_hist_1|tokens|valor;5;0;0.0
chave_estruturada|doc_extra|texto|tokens|valor;5;0;0.0
cc|classe_valor|competencia|competencia_cc_classe|competencia_classe|competencia_conta_cc|competencia_conta_classe|conta_cc_classe|doc_extra|doc_hist_2|ent05_conta|insight_classe_valor_competencia|insight_xnumap_cc|insight_xnumap_classe|insight_xnumap_conta|insight_xnumap_valor|tokens|valor|xnumap_at04db|xnumap_xdocum;4;0;0.0
cc|classe_valor|competencia|competencia_cc_classe|competencia_classe|competencia_conta_cc|competencia_conta_classe|conta_cc_classe|doc_extra|ent05_conta|insight_classe_valor_competencia|insight_xnumap_cc|insight_xnumap_classe|insight_xnumap_conta|insight_xnumap_valor|valor|xnumap_at04db|xnumap_xdocum;4;0;0.0
cc|classe_valor|conta_cc_classe|doc_extra|doc_hist_2|ent05_conta|insight_xnumap_cc|insight_xnumap_classe|insight_xnumap_conta|insight_xnumap_valor|texto|tokens|valor|xnumap_at04db|xnumap_xdocum;4;0;0.0
cc|classe_valor|competencia|competencia_cc_classe|competencia_classe|doc_extra|doc_hist_2|insight_classe_valor_competencia|insight_xnumap_cc|insight_xnumap_classe|insight_xnumap_valor|tokens|valor|xnumap_at04db|xnumap_xdocum;4;2;50.0
cc|competencia|competencia_conta_cc|doc_extra|doc_hist_1|ent05_conta|insight_xnumap_cc|insight_xnumap_conta|insight_xnumap_valor|texto|tokens|valor|xnumap_at04db|xnumap_xdocum;4;2;50.0
chave_estruturada|competencia|doc_extra|doc_hist_1|ent05_conta|insight_xnumap_conta|insight_xnumap_valor|tokens|valor|xnumap_at04db|xnumap_xdocum;4;0;0.0
cc|classe_valor|doc_extra|doc_hist_2|insight_xnumap_cc|insight_xnumap_classe|insight_xnumap_valor|texto|tokens|valor|xnumap_at04db|xnumap_xdocum;4;0;0.0
akd_xdoc_ct2_recno|cc|classe_valor|competencia|competencia_cc_classe|competencia_classe|competencia_conta_cc|competencia_conta_classe|conta_cc_classe|doc_hist_2|ent05_conta|insight_classe_valor_competencia|tokens|valor;4;4;100.0
competencia|doc_extra|doc_hist_2|ent05_conta|texto|tokens|valor|xdoc|xdoc_at01cr;4;2;50.0
cc|classe_valor|competencia|competencia_cc_classe|competencia_classe|doc_extra|insight_classe_valor_competencia|insight_xnumap_cc|insight_xnumap_classe|insight_xnumap_valor|valor|xnumap_at04db|xnumap_xdocum;4;2;50.0
akd_xdoc_ct2_recno|cc|classe_valor|competencia|competencia_cc_classe|competencia_classe|competencia_conta_cc|competencia_conta_classe|conta_cc_classe|doc_hist_1|ent05_conta|insight_classe_valor_competencia|tokens|valor;4;4;100.0
competencia|doc_extra|doc_hist_1|ent05_conta|texto|tokens|valor|xdoc|xdoc_at01cr;4;2;50.0
competencia|doc_extra|doc_hist_2|texto|tokens|valor|xdoc|xdoc_at01cr;4;2;50.0
cc|classe_valor|competencia|competencia_cc_classe|competencia_classe|doc_hist_1|insight_classe_valor_competencia|proc_hist_competencia|proc_hist_data_exata|proc_hist_data_valor_exato|texto|tokens|valor;4;0;0.0
competencia|doc_extra|doc_hist_1|texto|tokens|valor|xdoc|xdoc_at01cr;4;2;50.0
competencia|doc_extra|doc_hist_1|insight_xnumap_valor|texto|tokens|valor|xnumap_at04db|xnumap_xdocum;4;2;50.0
cc|competencia|doc_extra|insight_xnumap_cc|insight_xnumap_valor|texto|tokens|valor|xnumap_at04db|xnumap_xdocum;4;1;25.0
cc|competencia|doc_extra|insight_xnumap_cc|insight_xnumap_valor|valor|xnumap_at04db|xnumap_xdocum;4;0;0.0
cc|classe_valor|conta_cc_classe|ent05_conta|texto|tokens|valor;4;0;0.0
cc|chave_estruturada|doc_extra|ent05_conta|valor;4;0;0.0
classe_valor|ent05_conta|valor;4;0;0.0
chave_estruturada|classe_valor|competencia|competencia_classe|competencia_conta_classe|doc_extra|doc_hist_2|ent05_conta|insight_classe_valor_competencia|insight_xnumap_classe|insight_xnumap_conta|insight_xnumap_valor|texto|tokens|valor|xdoc|xdoc_at01cr|xnumap_at04db|xnumap_xdocum;3;1;33.33
chave_estruturada|classe_valor|competencia|competencia_classe|doc_extra|doc_hist_2|insight_classe_valor_competencia|insight_xnumap_classe|insight_xnumap_valor|texto|tokens|valor|xdoc|xdoc_at01cr|xnumap_at04db|xnumap_xdocum;3;1;33.33
chave_estruturada|competencia|doc_extra|doc_hist_2|ent05_conta|insight_xnumap_conta|insight_xnumap_valor|texto|tokens|valor|xdoc|xdoc_at01cr|xnumap_at04db|xnumap_xdocum;3;1;33.33
chave_estruturada|competencia|doc_extra|doc_hist_1|ent05_conta|insight_xnumap_conta|insight_xnumap_valor|texto|tokens|valor|xdoc|xdoc_at01cr|xnumap_at04db|xnumap_xdocum;3;1;33.33
chave_estruturada|competencia|doc_extra|doc_hist_2|insight_xnumap_valor|texto|tokens|valor|xdoc|xdoc_at01cr|xnumap_at04db|xnumap_xdocum;3;1;33.33
cc|chave_estruturada|classe_valor|competencia|competencia_cc_classe|competencia_classe|competencia_conta_cc|competencia_conta_classe|conta_cc_classe|doc_extra|ent05_conta|insight_classe_valor_competencia|valor|xdoc|xdoc_at01cr;3;1;33.33
cc|chave_estruturada|competencia|doc_extra|doc_hist_2|texto|tokens|valor|xdoc|xdoc_at01cr;3;1;33.33
chave_estruturada|competencia|doc_extra|doc_hist_2|insight_xnumap_valor|tokens|valor|xnumap_at04db|xnumap_xdocum;3;0;0.0
chave_estruturada|competencia|doc_extra|ent05_conta|texto|tokens|valor|xdoc|xdoc_at01cr;3;1;33.33
chave_estruturada|competencia|doc_extra|doc_hist_1|valor|xdoc|xdoc_at01cr;3;1;33.33
competencia|doc_extra|doc_hist_2|insight_xnumap_valor|valor|xnumap_at04db|xnumap_xdocum;3;0;0.0
chave_estruturada|competencia|doc_extra|ent05_conta|tokens|valor|xdoc|xdoc_at01cr;3;1;33.33
chave_estruturada|classe_valor|competencia|competencia_classe|doc_extra|insight_classe_valor_competencia|texto|tokens|valor;3;0;0.0
cc|chave_estruturada|doc_extra|doc_hist_1|texto|tokens|valor;3;1;33.33
chave_estruturada|competencia|doc_extra|doc_hist_1|ent05_conta|valor;3;0;0.0
cc|chave_estruturada|competencia|competencia_conta_cc|doc_extra|ent05_conta|valor;3;0;0.0
chave_estruturada|competencia|doc_extra|texto|tokens|valor;3;0;0.0
cc|chave_estruturada|competencia|doc_extra|valor;3;0;0.0
chave_estruturada|doc_extra|ent05_conta|valor;3;0;0.0
cc|doc_hist_1|ent05_conta|tokens|valor;3;0;0.0
cc|chave_estruturada|classe_valor|competencia|competencia_cc_classe|competencia_classe|competencia_conta_cc|competencia_conta_classe|conta_cc_classe|doc_extra|doc_hist_2|ent05_conta|insight_classe_valor_competencia|texto|tokens|valor|xdoc|xdoc_at01cr;2;2;100.0
cc|chave_estruturada|classe_valor|competencia|competencia_cc_classe|competencia_classe|competencia_conta_cc|competencia_conta_classe|conta_cc_classe|doc_extra|ent05_conta|insight_classe_valor_competencia|insight_xnumap_cc|insight_xnumap_classe|insight_xnumap_conta|insight_xnumap_valor|valor|xnumap_at04db|xnumap_xdocum;2;2;100.0
cc|classe_valor|conta_cc_classe|doc_extra|doc_hist_1|ent05_conta|insight_xnumap_cc|insight_xnumap_classe|insight_xnumap_conta|insight_xnumap_valor|texto|tokens|valor|xnumap_at04db|xnumap_xdocum;2;1;50.0
chave_estruturada|classe_valor|competencia|competencia_classe|competencia_conta_classe|doc_extra|doc_hist_1|ent05_conta|insight_classe_valor_competencia|insight_xnumap_classe|insight_xnumap_conta|insight_xnumap_valor|valor|xnumap_at04db|xnumap_xdocum;2;2;100.0
cc|classe_valor|conta_cc_classe|doc_extra|doc_hist_2|ent05_conta|insight_xnumap_cc|insight_xnumap_classe|insight_xnumap_conta|insight_xnumap_valor|valor|xnumap_at04db|xnumap_xdocum;2;0;0.0
cc|competencia|competencia_conta_cc|doc_extra|doc_hist_1|ent05_conta|insight_xnumap_cc|insight_xnumap_conta|insight_xnumap_valor|tokens|valor|xnumap_at04db|xnumap_xdocum;2;0;0.0
cc|chave_estruturada|classe_valor|competencia|competencia_cc_classe|competencia_classe|doc_extra|insight_classe_valor_competencia|insight_xnumap_cc|insight_xnumap_classe|insight_xnumap_valor|valor|xnumap_at04db|xnumap_xdocum;2;0;0.0
cc|classe_valor|doc_extra|doc_hist_1|insight_xnumap_cc|insight_xnumap_classe|insight_xnumap_valor|texto|tokens|valor|xnumap_at04db|xnumap_xdocum;2;0;0.0
chave_estruturada|classe_valor|competencia|competencia_classe|doc_extra|doc_hist_1|insight_classe_valor_competencia|insight_xnumap_classe|insight_xnumap_valor|valor|xnumap_at04db|xnumap_xdocum;2;0;0.0
cc|chave_estruturada|doc_extra|doc_hist_2|insight_xnumap_cc|insight_xnumap_valor|tokens|valor|xnumap_at04db|xnumap_xdocum;2;0;0.0
cc|classe_valor|doc_extra|doc_hist_2|insight_xnumap_cc|insight_xnumap_classe|insight_xnumap_valor|valor|xnumap_at04db|xnumap_xdocum;2;0;0.0
cc|chave_estruturada|competencia|competencia_conta_cc|doc_extra|ent05_conta|texto|tokens|valor|xdoc|xdoc_at01cr;2;2;100.0
cc|competencia|doc_extra|doc_hist_2|insight_xnumap_cc|insight_xnumap_valor|tokens|valor|xnumap_at04db|xnumap_xdocum;2;1;50.0
cc|classe_valor|competencia|competencia_cc_classe|competencia_classe|competencia_conta_cc|competencia_conta_classe|conta_cc_classe|doc_hist_1|ent05_conta|insight_classe_valor_competencia|proc_ri_competencia|proc_ri_conta|proc_ri_data_valor_exato|tokens|valor;2;0;0.0
chave_estruturada|doc_extra|doc_hist_2|insight_xnumap_valor|texto|tokens|valor|xnumap_at04db|xnumap_xdocum;2;0;0.0
chave_estruturada|competencia|doc_extra|doc_hist_2|insight_xnumap_valor|valor|xnumap_at04db|xnumap_xdocum;2;0;0.0
cc|classe_valor|competencia|competencia_cc_classe|competencia_classe|doc_hist_2|insight_classe_valor_competencia|proc_hist_competencia|proc_hist_data_exata|proc_hist_data_valor_exato|texto|tokens|valor;2;0;0.0
chave_estruturada|competencia|doc_extra|doc_hist_1|insight_xnumap_valor|valor|xnumap_at04db|xnumap_xdocum;2;0;0.0
chave_estruturada|classe_valor|competencia|competencia_classe|doc_extra|insight_classe_valor_competencia|tokens|valor|xdoc|xdoc_at01cr;2;1;50.0
cc|classe_valor|competencia|competencia_cc_classe|competencia_classe|competencia_conta_cc|competencia_conta_classe|conta_cc_classe|doc_hist_1|ent05_conta|insight_classe_valor_competencia|texto|tokens|valor;2;0;0.0
competencia|doc_extra|doc_hist_1|insight_xnumap_valor|tokens|valor|xnumap_at04db|xnumap_xdocum;2;0;0.0
akd_xdoc_ct2_recno|cc|competencia|competencia_conta_cc|doc_hist_2|ent05_conta|texto|tokens|valor;2;2;100.0
cc|classe_valor|competencia|competencia_cc_classe|competencia_classe|doc_hist_1|insight_classe_valor_competencia|proc_ri_competencia|proc_ri_data_valor_exato|tokens|valor;2;0;0.0
cc|competencia|doc_hist_1|proc_hist_competencia|proc_hist_data_exata|proc_hist_data_valor_exato|texto|tokens|valor;2;0;0.0
cc|classe_valor|competencia|competencia_cc_classe|competencia_classe|doc_hist_1|insight_classe_valor_competencia|proc_ri_competencia|proc_ri_data_valor_exato|valor;2;0;0.0
cc|chave_estruturada|classe_valor|competencia|competencia_cc_classe|competencia_classe|doc_extra|doc_hist_2|insight_classe_valor_competencia|tokens|valor;2;2;100.0
cc|competencia|competencia_conta_cc|doc_hist_2|ent05_conta|texto|tokens|valor;2;0;0.0
cc|chave_estruturada|classe_valor|conta_cc_classe|doc_extra|ent05_conta|texto|tokens|valor;2;0;0.0
chave_estruturada|classe_valor|competencia|competencia_classe|doc_extra|insight_classe_valor_competencia|valor;2;0;0.0
cc|chave_estruturada|doc_extra|valor;2;0;0.0
ent05_conta|tokens|valor;2;0;0.0
cc|chave_estruturada|competencia|competencia_conta_cc|doc_extra|doc_hist_2|ent05_conta|texto|tokens|valor|xdoc|xdoc_at01cr;1;1;100.0
cc|chave_estruturada|classe_valor|conta_cc_classe|doc_extra|doc_hist_1|ent05_conta|insight_xnumap_cc|insight_xnumap_classe|insight_xnumap_conta|insight_xnumap_valor|valor|xnumap_at04db|xnumap_xdocum;1;0;0.0
akd_xdoc_ct2_recno|cc|classe_valor|competencia|competencia_cc_classe|competencia_classe|doc_hist_2|insight_classe_valor_competencia|proc_hist_competencia|proc_hist_data_exata|proc_hist_data_valor_exato|texto|tokens|valor;1;1;100.0
cc|chave_estruturada|doc_extra|doc_hist_1|ent05_conta|insight_xnumap_cc|insight_xnumap_conta|insight_xnumap_valor|valor|xnumap_at04db|xnumap_xdocum;1;0;0.0
cc|chave_estruturada|classe_valor|doc_extra|doc_hist_1|insight_xnumap_cc|insight_xnumap_classe|insight_xnumap_valor|valor|xnumap_at04db|xnumap_xdocum;1;1;100.0
cc|chave_estruturada|doc_extra|doc_hist_1|insight_xnumap_cc|insight_xnumap_valor|valor|xnumap_at04db|xnumap_xdocum;1;0;0.0
cc|classe_valor|competencia|competencia_cc_classe|competencia_classe|competencia_conta_cc|competencia_conta_classe|conta_cc_classe|doc_hist_2|ent05_conta|insight_classe_valor_competencia|texto|tokens|valor;1;1;100.0
competencia|doc_extra|doc_hist_1|insight_xnumap_valor|valor|xnumap_at04db|xnumap_xdocum;1;0;0.0
doc_extra|doc_hist_1|insight_xnumap_valor|valor|xnumap_at04db|xnumap_xdocum;1;0;0.0
cc|classe_valor|competencia|competencia_cc_classe|competencia_classe|competencia_conta_cc|competencia_conta_classe|conta_cc_classe|doc_hist_2|ent05_conta|insight_classe_valor_competencia|valor;1;0;0.0
akd_xdoc_ct2_recno|cc|classe_valor|competencia|competencia_cc_classe|competencia_classe|insight_classe_valor_competencia|texto|tokens|valor;1;1;100.0
akd_xdoc_ct2_recno|cc|competencia|competencia_conta_cc|ent05_conta|tokens|valor;1;1;100.0
cc|competencia|competencia_conta_cc|doc_hist_1|ent05_conta|texto|tokens|valor;1;1;100.0
chave_estruturada|classe_valor|competencia|competencia_classe|doc_extra|insight_classe_valor_competencia|tokens|valor;1;0;0.0
cc|classe_valor|competencia|competencia_cc_classe|competencia_classe|doc_hist_2|insight_classe_valor_competencia|valor;1;0;0.0
chave_estruturada|classe_valor|doc_extra|ent05_conta|valor;1;0;0.0
competencia|doc_hist_1|ent05_conta|tokens|valor;1;0;0.0
competencia|doc_hist_1|ent05_conta|valor;1;0;0.0
chave_estruturada|classe_valor|doc_extra|valor;1;0;0.0
classe_valor|competencia|competencia_classe|insight_classe_valor_competencia|valor;1;0;0.0
